[
  { "stationCode": "BAM", "stationName": "Brahmapur", "state": "Odisha" },
  { "stationCode": "NDLS", "stationName": "New Delhi", "state": "Delhi" },
  { "stationCode": "BPL", "stationName": "Bhopal", "state": "Madhya Pradesh" },
  { "stationCode": "MAS", "stationName": "Chennai Central", "state": "Tamil Nadu" },
  { "stationCode": "HWH", "stationName": "Howrah", "state": "West Bengal" },
  { "stationCode": "SBC", "stationName": "Bangalore City", "state": "Karnataka" },

  { "stationCode": "CSTM", "stationName": "Chhatrapati Shivaji Maharaj Terminus", "state": "Maharashtra" },
  { "stationCode": "BBS", "stationName": "Bhubaneswar", "state": "Odisha" },
  { "stationCode": "LKO", "stationName": "Lucknow NR", "state": "Uttar Pradesh" },
  { "stationCode": "PRYJ", "stationName": "Prayagraj Junction", "state": "Uttar Pradesh" },
  { "stationCode": "BHUJ", "stationName": "Bhuj", "state": "Gujarat" },
  { "stationCode": "ADI", "stationName": "Ahmedabad Junction", "state": "Gujarat" },
  { "stationCode": "JAT", "stationName": "Jammu Tawi", "state": "Jammu and Kashmir" },
  { "stationCode": "SVDK", "stationName": "Shri Mata Vaishno Devi Katra", "state": "Jammu and Kashmir" },
  { "stationCode": "JHS", "stationName": "Jhansi Junction", "state": "Uttar Pradesh" },
  { "stationCode": "CNB", "stationName": "Kanpur Central", "state": "Uttar Pradesh" },
  { "stationCode": "BGP", "stationName": "Bhagalpur", "state": "Bihar" },
  { "stationCode": "PNBE", "stationName": "Patna Junction", "state": "Bihar" },
  { "stationCode": "GHY", "stationName": "Guwahati", "state": "Assam" },
  { "stationCode": "SCL", "stationName": "Silchar", "state": "Assam" },
  { "stationCode": "JRF", "stationName": "Jamnagar", "state": "Gujarat" },
  { "stationCode": "RJT", "stationName": "Rajkot Junction", "state": "Gujarat" },
  { "stationCode": "KZJ", "stationName": "Kazipet Junction", "state": "Telangana" },
  { "stationCode": "SC", "stationName": "Secunderabad Junction", "state": "Telangana" },
  { "stationCode": "UBL", "stationName": "Hubballi Junction", "state": "Karnataka" },
  { "stationCode": "QLN", "stationName": "Kollam Junction", "state": "Kerala" },
  { "stationCode": "ERS", "stationName": "Ernakulam Junction", "state": "Kerala" },
  { "stationCode": "NZM", "stationName": "Hazrat Nizamuddin", "state": "Delhi" },
  { "stationCode": "BWN", "stationName": "Barddhaman Junction", "state": "West Bengal" },
  { "stationCode": "ASN", "stationName": "Asansol Junction", "state": "West Bengal" },
  { "stationCode": "MGS", "stationName": "Mugal Sarai (Pt. Deen Dayal Upadhyay Jn.)", "state": "Uttar Pradesh" },
  { "stationCode": "VSKP", "stationName": "Visakhapatnam Junction", "state": "Andhra Pradesh" },
  { "stationCode": "TPTY", "stationName": "Tirupati", "state": "Andhra Pradesh" },
  { "stationCode": "JBP", "stationName": "Jabalpur Junction", "state": "Madhya Pradesh" },
  { "stationCode": "RNC", "stationName": "Ranchi Junction", "state": "Jharkhand" },
  { "stationCode": "DHN", "stationName": "Dhanbad Junction", "state": "Jharkhand" },
  { "stationCode": "TATA", "stationName": "Tatanagar Junction", "state": "Jharkhand" },
  { "stationCode": "KGP", "stationName": "Kharagpur Junction", "state": "West Bengal" },
  { "stationCode": "R", "stationName": "Raipur Junction", "state": "Chhattisgarh" }
]
